DATETIME,price
2023-09-22 23:00:00,1.3124000000000002
2023-09-26 23:00:00,1.3175000000000001
2023-10-03 23:00:00,1.3370000000000002
2023-10-09 23:00:00,1.3234000000000001
2023-10-10 23:00:00,1.3213000000000001
2023-10-11 23:00:00,1.3273000000000001
2023-10-12 23:00:00,1.3218
2023-10-16 23:00:00,1.3330000000000002
2023-10-19 23:00:00,1.3353000000000002
2023-11-01 23:00:00,1.3569000000000002
2023-11-09 23:00:00,1.3790000000000002
2023-11-14 23:00:00,1.3454000000000002
2023-11-20 23:00:00,1.3346000000000002
2023-11-23 23:00:00,1.3285000000000002
2023-11-24 23:00:00,1.3372000000000002
2023-11-28 23:00:00,1.3220000000000003
2023-11-29 23:00:00,1.3195000000000001
2023-12-13 23:00:00,1.3291000000000002
2023-12-14 23:00:00,1.3162000000000003
2023-10-23 23:00:00,1.3162000000000003
2023-12-11 23:00:00,1.3162000000000003
2023-12-20 23:00:00,1.2428000000000003
2023-12-21 23:00:00,1.2425000000000004
2023-12-22 23:00:00,1.2308000000000003
2023-12-25 23:00:00,1.2342000000000002
2024-01-19 23:00:00,1.2568000000000004
2024-01-25 23:00:00,1.2601000000000002
2024-01-31 23:00:00,1.2448000000000004
2024-02-02 23:00:00,1.2525000000000002
2024-02-05 23:00:00,1.2506000000000004
2024-02-08 23:00:00,1.2543000000000002
2024-02-15 23:00:00,1.2550000000000003
2024-02-16 23:00:00,1.2535000000000003
2024-02-20 23:00:00,1.2568000000000004
2024-03-11 23:00:00,1.2558000000000002
2024-03-12 23:00:00,1.2527000000000004
2024-03-15 23:00:00,1.2598000000000003
2024-03-18 23:00:00,1.2595
2024-03-26 23:00:00,1.2652
2024-03-27 23:00:00,1.2673
2024-03-29 23:00:00,1.2578000000000003
2024-04-10 23:00:00,1.2701000000000002
2024-04-17 23:00:00,1.2879000000000003
2024-04-18 23:00:00,1.2845000000000002
2024-05-03 23:00:00,1.2765000000000002
2024-05-06 23:00:00,1.2735
2024-05-28 23:00:00,1.2707000000000002
2024-05-31 23:00:00,1.2740000000000002
2024-06-04 23:00:00,1.2769000000000001
2024-06-14 23:00:00,1.2829000000000002
2024-06-03 23:00:00,1.2829000000000002
2024-06-06 23:00:00,1.2829000000000002
2024-06-10 23:00:00,1.2829000000000002
2024-06-19 23:00:00,1.3539
2024-06-20 23:00:00,1.3274000000000001
2024-06-24 23:00:00,1.3248000000000002
2024-06-26 23:00:00,1.3239000000000003
2024-07-11 23:00:00,1.3161000000000003
2024-07-12 23:00:00,1.3173000000000001
2024-07-15 23:00:00,1.3173000000000001
2024-07-19 23:00:00,1.3260000000000003
2024-07-22 23:00:00,1.3322000000000003
2024-07-23 23:00:00,1.3305000000000002
2024-07-30 23:00:00,1.3396000000000001
2024-08-01 23:00:00,1.3385000000000002
2024-08-02 23:00:00,1.3416000000000001
2024-08-05 23:00:00,1.3437000000000001
2024-08-08 23:00:00,1.3331000000000002
2024-08-09 23:00:00,1.3293000000000001
2024-08-30 23:00:00,1.3035
2024-09-05 23:00:00,1.3069000000000002
2024-09-10 23:00:00,1.3159000000000003
2024-09-17 23:00:00,1.3138000000000003
2024-09-18 23:00:00,1.3116
2024-09-19 23:00:00,1.3126000000000002
2024-08-12 23:00:00,1.3126000000000002
2024-09-23 23:00:00,1.3364
2024-09-26 23:00:00,1.3282
2024-09-30 23:00:00,1.3325000000000002
2024-10-08 23:00:00,1.348
2024-10-14 23:00:00,1.3582
2024-10-21 23:00:00,1.3604
2024-10-22 23:00:00,1.3641
2024-10-25 23:00:00,1.3643
2024-10-28 23:00:00,1.3704
2024-11-06 23:00:00,1.3731000000000002
2024-11-07 23:00:00,1.3687000000000002
2024-11-13 23:00:00,1.3783
2024-11-14 23:00:00,1.3803
2024-11-18 23:00:00,1.3917000000000002
2024-11-19 23:00:00,1.3848
2024-11-25 23:00:00,1.3768000000000002
2024-11-27 23:00:00,1.3878000000000001
2024-11-28 23:00:00,1.3833000000000002
2024-12-09 23:00:00,1.3928
2024-12-03 23:00:00,1.3928
2024-12-05 23:00:00,1.3928
2024-12-20 23:00:00,1.4325
2024-12-24 23:00:00,1.4354
2024-12-26 23:00:00,1.4355
2024-12-30 23:00:00,1.4373
2025-01-06 23:00:00,1.4258
2025-01-08 23:00:00,1.4373
2025-01-09 23:00:00,1.435
2025-01-10 23:00:00,1.4386
2025-01-13 23:00:00,1.4388
2025-01-14 23:00:00,1.4334
2025-01-16 23:00:00,1.4297
2025-01-17 23:00:00,1.4365
2025-01-20 23:00:00,1.4233
2025-01-21 23:00:00,1.442
2025-01-22 23:00:00,1.4325
2025-01-23 23:00:00,1.4376
2025-01-24 23:00:00,1.4305
2025-01-28 23:00:00,1.4362
2025-01-30 23:00:00,1.4381
2025-01-31 23:00:00,1.4437
2025-02-03 23:00:00,1.4557
2025-02-04 23:00:00,1.432
2025-02-05 23:00:00,1.4247
2025-02-06 23:00:00,1.435
2025-02-07 23:00:00,1.4275
2025-02-10 23:00:00,1.4307
2025-02-11 23:00:00,1.4308
2025-02-12 23:00:00,1.4287
2025-02-13 23:00:00,1.4292
2025-02-14 23:00:00,1.4151
2025-02-17 23:00:00,1.4165
2025-02-26 23:00:00,1.4278
2025-02-27 23:00:00,1.432
2025-02-28 23:00:00,1.4427
2025-03-03 23:00:00,1.4382
2025-03-04 23:00:00,1.4479
2025-03-05 23:00:00,1.4381
2025-03-06 23:00:00,1.4353
2025-03-07 23:00:00,1.4362
2025-03-11 23:00:00,1.4502
2025-03-12 23:00:00,1.4476
2025-03-13 23:00:00,1.4388
2025-03-18 23:00:00,1.4299
2025-03-19 23:00:00,1.432
2025-03-14 23:00:00,1.432
2025-03-17 23:00:00,1.432
2025-03-20 23:00:00,1.433
2025-03-21 23:00:00,1.4264
2025-03-24 23:00:00,1.4255
2025-03-26 23:00:00,1.4209
2025-03-31 23:00:00,1.4312
2025-04-01 23:00:00,1.4335
2025-04-03 23:00:00,1.409
2025-04-04 23:00:00,1.411
2025-04-02 23:00:00,1.411
