index,price
2024-03-15,
2024-03-18,0.0942868500920968
2024-03-19,0.0618341410576391
2024-03-20,0.09745320900907749
2024-03-21,0.3249580032168568
2024-03-22,0.09361868194965485
2024-03-25,0.19368041444131845
2024-03-26,0.557946058209752
2024-03-27,0.6536477541771778
2024-03-28,0.4678437554594274
2024-03-29,0.5051372964164541
2024-04-01,0.49027325909322794
2024-04-02,0.5734786503757869
2024-04-03,0.45821625499828417
2024-04-04,0.4828665996581874
2024-04-05,0.46946393386917135
2024-04-08,0.34113356933957373
2024-04-09,0.5364945536494152
2024-04-10,0.1802081359233985
2024-04-11,0.06977065972588171
2024-04-12,0.22056354344202506
2024-04-15,0.23272964667008664
2024-04-16,0.11035880511663076
2024-04-17,-0.07248212880450768
2024-04-18,-0.28474057099250816
2024-04-19,-0.4511707801804135
2024-04-22,-0.34223502708132286
2024-04-23,-0.41601197811752627
2024-04-24,-0.7454464462787226
2024-04-25,-0.6705963274240426
2024-04-26,0.1254985871779148
2024-04-29,1.3035711713969487
2024-04-30,2.040389808508069
2024-05-01,2.0327382201338184
2024-05-02,2.4204066267466637
2024-05-03,2.101531169422341
2024-05-06,2.259240917067921
2024-05-07,2.1352006373998362
2024-05-08,2.1244536954343674
2024-05-09,2.120622767446764
2024-05-10,2.2481421676898474
2024-05-13,2.458668741491853
2024-05-14,2.101085576453447
2024-05-15,1.8998851597256754
2024-05-16,1.5800231921215544
2024-05-17,0.6188193405304361
2024-05-20,0.4195060815828245
2024-05-21,0.2904671308479981
2024-05-22,0.12837016653653363
2024-05-23,-0.27293288890865064
2024-05-24,-0.812706817813927
2024-05-27,-1.4679545788942618
2024-05-28,-1.3765078600344975
2024-05-29,-1.4448984928129451
2024-05-30,-1.5718887635173955
2024-05-31,-1.7290948967224253
2024-06-03,-2.0756076111706045
2024-06-04,-1.2151241355120104
2024-06-05,-0.8640463522243115
2024-06-06,-0.7406014872955173
2024-06-07,-0.45033311762555456
2024-06-10,-0.5431589866566194
2024-06-11,-0.643977502801671
2024-06-12,-0.6434457627718508
2024-06-13,-0.6298504256910239
2024-06-14,-0.5693194380393143
2024-06-17,-0.8058600796573278
2024-06-18,-1.3287778441438618
2024-06-19,-1.8905120866298335
2024-06-20,-1.7006354590682113
2024-06-21,-1.7995278095488763
2024-06-24,-2.1176364224824624
2024-06-25,-2.5330435650431418
2024-06-26,-2.735306942209345
2024-06-27,-3.118130187957898
2024-06-28,-3.4788682138456464
2024-07-01,-2.8769136349813653
2024-07-02,-2.450915928157909
2024-07-03,-1.856964567119409
2024-07-04,-1.9349627014332902
2024-07-05,-2.12020641100125
2024-07-08,-2.117743969973699
2024-07-09,-2.505845455333998
2024-07-10,-2.9298865940329866
2024-07-11,-2.641780108083394
2024-07-12,-2.507927538012495
2024-07-15,-2.1990216107227503
2024-07-16,-1.7665241257323945
2024-07-17,-1.5764367493606655
2024-07-18,-0.8586034974905778
2024-07-19,-0.41352837035078893
2024-07-22,-0.1619534162926385
2024-07-23,-0.025556142283672794
2024-07-24,-0.060318007321862085
2024-07-25,-0.19841290818353788
2024-07-26,-0.6618595596335731
2024-07-29,-0.8842751932569661
2024-07-30,-0.8314407947206599
2024-07-31,-0.4268765109728226
2024-08-01,-0.3086316179789132
2024-08-02,-0.15914713217670587
2024-08-05,-0.4603100689125529
2024-08-06,-0.3866525009992718
2024-08-07,0.18770108274338912
2024-08-08,0.8135440874810802
2024-08-09,1.1200049265189127
2024-08-12,1.2708545766006274
2024-08-13,1.5634951538444355
2024-08-14,1.357746276846694
2024-08-15,1.2370886714565457
2024-08-16,0.8936549792292501
2024-08-19,0.4163932048088376
2024-08-20,0.03512204981289338
2024-08-21,-0.03546376560567798
2024-08-22,-0.19468646030554784
2024-08-23,-0.9343655078239488
2024-08-26,-0.7434976720368416
2024-08-27,-0.6678695034650045
2024-08-28,-0.46276462216259934
2024-08-29,-0.36791796684008593
2024-08-30,-0.1962498792011376
2024-09-02,-1.0287772777723287
2024-09-03,-1.3562448271313148
2024-09-04,-1.106282109098993
2024-09-05,-1.054052131964002
2024-09-06,-1.0572288187831433
2024-09-09,-0.56443006989089
2024-09-10,-0.04914185573398138
2024-09-11,-0.05751369198280036
2024-09-12,-0.33942664892964963
2024-09-13,-0.4596728932119227
2024-09-16,-0.2957804483555453
2024-09-17,-0.40414297986985653
2024-09-18,-0.5475152856760684
2024-09-19,-0.6362154420052811
2024-09-20,-0.84485063919626
2024-09-23,-0.8789901877949231
2024-09-24,-0.6268591043734708
2024-09-25,-0.6156597137309466
2024-09-26,-0.6527028298923828
2024-09-27,-0.5526864017767237
2024-09-30,-0.6209784672849766
2024-10-01,-0.6785852861848429
2024-10-02,-0.7278122168030275
2024-10-03,-0.8246855608359724
2024-10-04,-0.788924804939023
2024-10-07,-0.7482190769179498
2024-10-08,-0.9670306328513402
2024-10-09,-1.0640827001079995
2024-10-10,-1.0747403732318521
2024-10-11,-0.9138804336745006
2024-10-14,-0.8919927884842794
2024-10-15,-0.9258021852892377
2024-10-16,-1.019919775411143
2024-10-17,-1.2788992333988907
2024-10-18,-1.6141905234576506
2024-10-21,-1.1511426667200872
2024-10-22,-1.014918537054537
2024-10-23,-0.7943371441253375
2024-10-24,-0.7570646133407825
2024-10-25,-0.9577596786747893
2024-10-28,-1.5268514667931552
2024-10-29,-1.642875308443853
2024-10-30,-1.701840425299851
2024-10-31,-1.8261829544766228
2024-11-01,-1.8103160135712257
2024-11-04,-1.811559487094622
2024-11-05,-1.5896195434207392
2024-11-06,-1.2230866123622406
2024-11-07,-1.1414876311896947
2024-11-08,-0.8147394919864083
2024-11-11,-0.05390721785706399
2024-11-12,0.4712561967117718
2024-11-13,0.7822496264707008
2024-11-14,0.5918880075503075
2024-11-15,0.36133494966162955
2024-11-18,0.22173424196616145
2024-11-19,-0.4896058980632418
2024-11-20,-0.7864395870728569
2024-11-21,-1.0830854409549944
2024-11-22,-1.2942386652819693
2024-11-25,-1.3783356075881696
2024-11-26,-1.9401143232956868
2024-11-27,-2.354156724416892
2024-11-28,-2.361590442885362
2024-11-29,-2.301072527126662
2024-12-02,-2.18486817189149
2024-12-03,-2.29162882646628
2024-12-04,-2.4283549559403217
2024-12-05,-2.2593631449243223
2024-12-06,-2.2049094726723517
2024-12-09,-1.9024692554062712
2024-12-10,-1.9489570473732531
2024-12-11,-2.0147579691693496
2024-12-12,-2.0011714367208495
2024-12-13,-2.0344234039649303
2024-12-16,-2.3157946247184222
2024-12-17,-2.2932069031303337
2024-12-18,-2.2084991000170455
2024-12-19,-1.5279505902132935
2024-12-20,-0.4202073218320608
2024-12-23,0.289114467965503
2024-12-24,0.8794053093302511
2024-12-25,1.1307731633605789
2024-12-26,1.1105023901569162
2024-12-27,1.0266038055406281
2024-12-30,1.1259252579620094
2024-12-31,1.1263296383065027
2025-01-01,1.126730240229538
2025-01-02,1.1271271164341607
2025-01-03,0.9750780578334789
2025-01-06,0.7406713385243828
2025-01-07,0.7409689135943949
2025-01-08,1.0936510796288326
2025-01-09,0.40087388323505807
2025-01-10,0.5065271229410047
2025-01-13,0.5922356720392327
2025-01-14,0.3922223905807392
2025-01-15,0.23545798971175985
2025-01-16,0.5768294643173021
2025-01-17,0.7625266107480614
2025-01-20,0.7708245797139175
2025-01-21,0.6931303076647025
2025-01-22,0.6325094043389219
2025-01-23,0.11793002885654391
2025-01-24,-0.01780869007758794
2025-01-27,-0.2830125792318264
2025-01-28,-0.23778291799998647
2025-01-29,-0.23660280369314826
2025-01-30,-0.07551339155394278
2025-01-31,-0.20023501477188319
2025-02-03,-0.20596457896799972
2025-02-04,-0.44035481443946295
2025-02-05,-0.8482874570142448
2025-02-06,-1.0544521247680751
2025-02-07,-1.30109435659751
2025-02-10,-1.741325911888928
2025-02-11,-1.641531559471452
2025-02-12,-1.4738770240973218
