DATETIME,PRICE
2019-08-01 23:00:00,71.3334
2019-08-02 23:00:00,72.4638
2019-08-05 23:00:00,73.3684
2019-08-06 23:00:00,73.0969
2019-08-07 23:00:00,73.1741
2019-08-08 23:00:00,72.7156
2019-08-09 23:00:00,73.1363
2019-08-12 23:00:00,73.3556
2019-08-13 23:00:00,72.5436
2019-08-14 23:00:00,73.5585
2019-08-15 23:00:00,73.4093
2019-08-16 23:00:00,73.7451
2019-08-19 23:00:00,74.1101
2019-08-20 23:00:00,73.8505
2019-08-21 23:00:00,72.925
2019-08-22 23:00:00,72.6774
2019-08-23 23:00:00,73.5412
2019-08-26 23:00:00,73.3252
2019-08-27 23:00:00,73.6722
2019-08-28 23:00:00,73.947
2019-08-29 23:00:00,73.6006
2019-08-30 23:00:00,73.3726
2019-09-02 23:00:00,73.2809
2019-09-03 23:00:00,73.2623
2019-09-04 23:00:00,73.0355
2019-09-05 23:00:00,73.0676
2019-09-06 23:00:00,72.4998
2019-09-09 23:00:00,72.3994
2019-09-10 23:00:00,72.2556
2019-09-11 23:00:00,72.0922
2019-09-12 23:00:00,71.5947
2019-09-13 23:00:00,71.2537
2019-09-16 23:00:00,70.4479
2019-09-17 23:00:00,71.2595
2019-09-18 23:00:00,70.7658
2019-09-19 23:00:00,70.628
2019-09-20 23:00:00,70.5468
2019-09-23 23:00:00,70.1811
2019-09-24 23:00:00,70.4744
2019-09-25 23:00:00,70.2111
2019-09-26 23:00:00,70.1325
2019-09-27 23:00:00,70.7634
2019-09-30 23:00:00,70.6767
2019-10-01 23:00:00,71.368
2019-10-02 23:00:00,71.4305
2019-10-03 23:00:00,71.4012
2019-10-04 23:00:00,70.9644
2019-10-07 23:00:00,71.2426
2019-10-08 23:00:00,71.4087
2019-10-09 23:00:00,71.1946
2019-10-10 23:00:00,70.934
2019-10-11 23:00:00,70.8392
2019-10-14 23:00:00,70.885
2019-10-15 23:00:00,70.9172
2019-10-16 23:00:00,70.9548
2019-10-17 23:00:00,71.3101
2019-10-18 23:00:00,71.2078
2019-10-21 23:00:00,71.0267
2019-10-22 23:00:00,70.9144
2019-10-23 23:00:00,71.1612
2019-10-24 23:00:00,71.1075
2019-10-25 23:00:00,70.6879
2019-10-28 23:00:00,70.7491
2019-10-29 23:00:00,71.0307
2019-10-30 23:00:00,71.1798
2019-10-31 23:00:00,71.4723
2019-11-01 23:00:00,70.9313
2019-11-05 23:00:00,70.3081
2019-11-06 23:00:00,70.7295
2019-11-07 23:00:00,70.1345
2019-11-08 23:00:00,70.3147
2019-11-11 23:00:00,70.4786
2019-11-12 23:00:00,70.6996
2019-11-13 23:00:00,70.8258
2019-11-14 23:00:00,70.5059
2019-11-15 23:00:00,70.4889
2019-11-18 23:00:00,70.6862
2019-11-19 23:00:00,70.6745
2019-11-20 23:00:00,70.7157
2019-11-21 23:00:00,70.44
2019-11-22 23:00:00,70.4132
2019-11-25 23:00:00,70.4218
2019-11-26 23:00:00,70.4886
2019-11-27 23:00:00,70.376
2019-11-28 23:00:00,70.5186
2019-11-29 23:00:00,70.8491
2019-12-02 23:00:00,71.1203
2019-12-04 23:00:00,70.8341
2019-12-05 23:00:00,70.7411
2019-12-06 23:00:00,70.5001
2019-12-09 23:00:00,70.3425
2019-12-10 23:00:00,70.4339
2019-12-11 23:00:00,70.4669
2019-12-12 23:00:00,69.953
2019-12-13 23:00:00,69.8994
2019-12-16 23:00:00,69.5848
2019-12-17 23:00:00,69.5832
2019-12-18 23:00:00,69.6612
2019-12-19 23:00:00,69.4091
2019-12-20 23:00:00,68.9588
2019-12-23 23:00:00,69.0484
2019-12-24 23:00:00,68.6155
2019-12-25 23:00:00,68.6571
2019-12-26 23:00:00,69.0427
2019-12-27 23:00:00,69.3298
2019-12-30 23:00:00,69.439
2020-01-03 23:00:00,69.2945
2020-01-06 23:00:00,69.1763
2020-01-08 23:00:00,68.055
2020-01-09 23:00:00,68.056
2020-01-10 23:00:00,67.8944
2020-01-13 23:00:00,68.2513
2020-01-14 23:00:00,68.3804
2020-01-15 23:00:00,68.5016
2020-01-16 23:00:00,68.6602
2020-01-17 23:00:00,68.2753
2020-01-20 23:00:00,68.3108
2020-01-21 23:00:00,68.6308
2020-01-22 23:00:00,68.5853
2020-01-23 23:00:00,68.4297
2020-01-24 23:00:00,68.4752
2020-01-27 23:00:00,69.3774
2020-01-28 23:00:00,68.6667
2020-01-29 23:00:00,68.8629
2020-01-30 23:00:00,69.8207
2020-01-31 23:00:00,70.8761
2020-02-03 23:00:00,70.4566
2020-02-04 23:00:00,69.6709
2020-02-05 23:00:00,69.1753
2020-02-06 23:00:00,69.5365
2020-02-07 23:00:00,70.1627
2020-02-10 23:00:00,69.9741
2020-02-11 23:00:00,69.2166
2020-02-12 23:00:00,68.7511
2020-02-13 23:00:00,68.9858
2020-02-14 23:00:00,68.8902
2020-02-17 23:00:00,68.7526
2020-02-18 23:00:00,68.8351
2020-02-19 23:00:00,68.6777
2020-02-20 23:00:00,69.2342
2020-02-21 23:00:00,69.5154
2020-02-25 23:00:00,71.1337
2020-02-26 23:00:00,71.2643
2020-02-27 23:00:00,72.5457
2020-02-28 23:00:00,73.8515
2020-03-02 23:00:00,74.0233
2020-03-03 23:00:00,73.7501
2020-03-04 23:00:00,73.8061
2020-03-05 23:00:00,75.922
2020-03-06 23:00:00,77.5106
2020-03-10 23:00:00,80.5522
2020-03-11 23:00:00,82.188
2020-03-12 23:00:00,83.6244
2020-03-13 23:00:00,80.6401
2020-03-16 23:00:00,83.4437
2020-03-31 23:00:00,86.51
2020-04-01 23:00:00,86.3463
2020-04-02 23:00:00,83.8765
2020-04-03 23:00:00,82.6651
2020-04-06 23:00:00,82.0625
2020-04-07 23:00:00,82.3251
2020-04-08 23:00:00,81.315
2020-04-09 23:00:00,81.1502
2020-04-10 23:00:00,80.745
2020-04-13 23:00:00,80.3152
2020-04-14 23:00:00,80.1617
2020-04-15 23:00:00,81.6655
2020-04-16 23:00:00,80.3698
2020-04-17 23:00:00,80.4001
2020-04-20 23:00:00,82.0101
2020-04-21 23:00:00,83.6786
2020-04-22 23:00:00,82.1648
2020-04-23 23:00:00,80.6502
2020-04-24 23:00:00,80.6499
2020-04-27 23:00:00,80.6022
2020-04-28 23:00:00,80.2607
2020-04-29 23:00:00,79.3893
2020-04-30 23:00:00,81.4605
2020-05-04 23:00:00,81.5685
2020-05-05 23:00:00,79.9725
2020-05-06 23:00:00,80.4343
2020-05-07 23:00:00,80.1976
2020-05-08 23:00:00,79.5686
2020-05-12 23:00:00,79.9652
2020-05-13 23:00:00,79.97
2020-05-14 23:00:00,79.3897
2020-05-15 23:00:00,79.6227
2020-05-18 23:00:00,79.3287
2020-05-19 23:00:00,79.2032
2020-05-20 23:00:00,78.0753
2020-05-21 23:00:00,77.673
2020-05-22 23:00:00,78.0652
2020-05-25 23:00:00,78.1138
2020-05-26 23:00:00,77.7809
2020-05-27 23:00:00,78.1304
2020-05-28 23:00:00,78.0937
2020-05-29 23:00:00,77.964
2020-06-01 23:00:00,76.9547
2020-06-02 23:00:00,76.724
2020-06-03 23:00:00,77.1472
2020-06-04 23:00:00,78.3607
2020-06-05 23:00:00,77.5212
2020-06-08 23:00:00,77.0197
2020-06-09 23:00:00,77.7199
2020-06-10 23:00:00,77.9074
2020-06-11 23:00:00,79.2445
2020-06-15 23:00:00,78.7873
2020-06-16 23:00:00,78.44
2020-06-17 23:00:00,78.3698
2020-06-18 23:00:00,78.3067
2020-06-19 23:00:00,77.6247
2020-06-22 23:00:00,77.7952
2020-06-23 23:00:00,77.8504
2020-06-25 23:00:00,77.4635
2020-06-26 23:00:00,78.3121
2020-06-29 23:00:00,78.7025
2020-06-30 23:00:00,79.9709
2020-07-02 23:00:00,79.3096
2020-07-03 23:00:00,80.2644
2020-07-06 23:00:00,81.2042
2020-07-07 23:00:00,80.6716
2020-07-08 23:00:00,80.6087
2020-07-09 23:00:00,80.0208
2020-07-10 23:00:00,79.9399
2020-07-13 23:00:00,80.5232
2020-07-14 23:00:00,80.7713
2020-07-15 23:00:00,80.9786
2020-07-16 23:00:00,81.4777
2020-07-17 23:00:00,82.1935
2020-07-20 23:00:00,81.6598
2020-07-21 23:00:00,81.4783
2020-07-22 23:00:00,82.325
2020-07-23 23:00:00,82.8463
2020-07-24 23:00:00,83.5751
2020-07-27 23:00:00,84.0953
2020-07-28 23:00:00,85.07
2020-07-29 23:00:00,85.5886
2020-07-30 23:00:00,86.6698
2020-07-31 23:00:00,87.6052
2020-08-03 23:00:00,86.0147
2020-08-04 23:00:00,86.7765
2020-08-05 23:00:00,86.4415
2020-08-06 23:00:00,87.0248
2020-08-07 23:00:00,86.8764
2020-08-10 23:00:00,86.2615
2020-08-11 23:00:00,85.8721
2020-08-12 23:00:00,86.8305
2020-08-13 23:00:00,86.1973
2020-08-14 23:00:00,86.2602
2020-08-17 23:00:00,87.4959
2020-08-18 23:00:00,87.3287
2020-08-19 23:00:00,86.7987
2020-08-20 23:00:00,87.5997
2020-08-21 23:00:00,88.2116
2020-08-24 23:00:00,87.9738
2020-08-25 23:00:00,89.1763
2020-08-26 23:00:00,89.245
2020-08-27 23:00:00,88.5979
2020-08-28 23:00:00,88.0751
2020-08-31 23:00:00,88.4226
2020-09-01 23:00:00,87.7268
2020-09-02 23:00:00,89.3706
2020-09-03 23:00:00,89.1555
2020-09-04 23:00:00,89.2529
2020-09-07 23:00:00,89.5414
2020-09-08 23:00:00,89.8762
2020-09-09 23:00:00,88.9442
2020-09-10 23:00:00,88.8863
2020-09-11 23:00:00,88.8672
2020-09-14 23:00:00,89.2684
2020-09-15 23:00:00,88.8838
2020-09-16 23:00:00,88.585
2020-09-17 23:00:00,89.0698
2020-09-18 23:00:00,89.6647
2020-09-21 23:00:00,89.6354
2020-09-22 23:00:00,89.1147
2020-09-23 23:00:00,89.8689
2020-09-24 23:00:00,89.9624
2020-09-25 23:00:00,90.946
2020-09-28 23:00:00,92.2429
2020-09-29 23:00:00,92.8585
2020-09-30 23:00:00,91.0223
2020-10-01 23:00:00,90.8147
2020-10-02 23:00:00,91.6308
2020-10-05 23:00:00,92.0509
2020-10-06 23:00:00,92.0424
2020-10-07 23:00:00,91.8287
2020-10-08 23:00:00,90.9835
2020-10-09 23:00:00,90.8035
2020-10-12 23:00:00,91.1267
2020-10-13 23:00:00,90.5346
2020-10-14 23:00:00,91.2146
2020-10-15 23:00:00,91.4108
2020-10-16 23:00:00,91.2887
2020-10-19 23:00:00,91.4104
2020-10-20 23:00:00,91.4804
2020-10-21 23:00:00,91.0081
2020-10-22 23:00:00,90.5512
2020-10-23 23:00:00,90.3051
2020-10-26 23:00:00,90.2814
2020-10-27 23:00:00,91.2681
2020-10-28 23:00:00,93.0664
2020-10-29 23:00:00,92.0459
2020-10-30 23:00:00,92.6101
2020-11-02 23:00:00,93.8029
2020-11-03 23:00:00,92.8626
2020-11-05 23:00:00,91.0552
2020-11-06 23:00:00,92.0115
2020-11-09 23:00:00,90.2136
2020-11-10 23:00:00,90.3677
2020-11-11 23:00:00,90.8275
2020-11-12 23:00:00,91.2524
2020-11-13 23:00:00,91.5962
2020-11-16 23:00:00,90.2413
2020-11-17 23:00:00,90.4508
2020-11-18 23:00:00,90.1874
2020-11-19 23:00:00,90.3343
2020-11-20 23:00:00,90.3655
2020-11-23 23:00:00,90.2012
2020-11-24 23:00:00,89.7116
2020-11-25 23:00:00,90.0519
2020-11-26 23:00:00,90.1911
2020-11-27 23:00:00,90.7288
2020-11-30 23:00:00,91.1675
2020-12-01 23:00:00,91.4399
2020-12-02 23:00:00,90.8838
2020-12-03 23:00:00,90.4113
2020-12-04 23:00:00,89.775
2020-12-07 23:00:00,89.1518
2020-12-08 23:00:00,88.9961
2020-12-09 23:00:00,89.2235
2020-12-10 23:00:00,88.6947
2020-12-11 23:00:00,88.4225
2020-12-14 23:00:00,89.6701
2020-12-15 23:00:00,89.2141
2020-12-16 23:00:00,89.46
2020-12-17 23:00:00,89.3416
2020-12-18 23:00:00,89.8395
2020-12-21 23:00:00,91.5364
2020-12-22 23:00:00,92.2449
2020-12-23 23:00:00,91.4956
2020-12-24 23:00:00,90.0784
2020-12-25 23:00:00,90.5766
2020-12-28 23:00:00,90.061
2020-12-29 23:00:00,90.6847
2020-12-30 23:00:00,91.531
2021-01-04 23:00:00,90.9613
2021-01-05 23:00:00,91.0145
2021-01-06 23:00:00,91.1059
2021-01-08 23:00:00,90.641
2021-01-11 23:00:00,90.777
2021-01-12 23:00:00,89.7482
2021-01-13 23:00:00,89.6277
2021-01-14 23:00:00,89.0654
2021-01-15 23:00:00,88.9017
2021-01-18 23:00:00,89.424
2021-01-19 23:00:00,89.3814
2021-01-20 23:00:00,88.9798
2021-01-21 23:00:00,89.8457
2021-01-22 23:00:00,91.6308
2021-01-25 23:00:00,91.4828
2021-01-26 23:00:00,91.3747
2021-01-27 23:00:00,91.8097
2021-01-28 23:00:00,92.1507
2021-01-29 23:00:00,91.8983
2021-02-01 23:00:00,91.7919
2021-02-02 23:00:00,91.705
2021-02-03 23:00:00,91.3457
2021-02-04 23:00:00,90.3462
2021-02-05 23:00:00,89.9567
2021-02-08 23:00:00,89.5718
2021-02-09 23:00:00,89.5302
2021-02-10 23:00:00,89.6013
2021-02-11 23:00:00,89.3395
2021-02-12 23:00:00,89.3138
2021-02-15 23:00:00,88.97
2021-02-16 23:00:00,89.2579
2021-02-17 23:00:00,88.7845
2021-02-18 23:00:00,89.3738
2021-02-19 23:00:00,89.8321
2021-02-20 23:00:00,89.8762
2021-02-22 23:00:00,90.2954
2021-02-24 23:00:00,89.4476
2021-02-25 23:00:00,90.9225
2021-02-26 23:00:00,90.1112
2021-03-01 23:00:00,89.3204
2021-03-02 23:00:00,89.2259
2021-03-03 23:00:00,89.2774
2021-03-04 23:00:00,89.381
2021-03-05 23:00:00,88.4967
2021-03-09 23:00:00,87.9741
2021-03-10 23:00:00,87.7594
2021-03-11 23:00:00,87.8789
2021-03-12 23:00:00,87.6725
2021-03-15 23:00:00,86.8827
2021-03-16 23:00:00,86.7325
2021-03-17 23:00:00,88.2428
2021-03-18 23:00:00,88.5902
2021-03-19 23:00:00,88.1961
2021-03-22 23:00:00,89.441
2021-03-23 23:00:00,90.4769
2021-03-24 23:00:00,90.4301
2021-03-25 23:00:00,89.66
2021-03-26 23:00:00,89.2698
2021-03-29 23:00:00,89.0328
2021-03-30 23:00:00,88.9293
2021-03-31 23:00:00,88.7855
2021-04-01 23:00:00,89.81
2021-04-02 23:00:00,89.9628
2021-04-05 23:00:00,90.2247
2021-04-06 23:00:00,91.6877
2021-04-07 23:00:00,91.3748
2021-04-08 23:00:00,91.5749
2021-04-09 23:00:00,92.1225
2021-04-12 23:00:00,92.1203
2021-04-13 23:00:00,90.7576
2021-04-14 23:00:00,90.9097
2021-04-15 23:00:00,91.3453
2021-04-16 23:00:00,90.85
2021-04-19 23:00:00,91.8408
2021-04-20 23:00:00,92.4389
2021-04-21 23:00:00,92.1724
2021-04-22 23:00:00,90.6202
2021-04-23 23:00:00,90.6893
2021-04-26 23:00:00,90.6635
2021-04-27 23:00:00,90.5527
2021-04-28 23:00:00,90.1934
2021-04-29 23:00:00,90.476
2021-04-30 23:00:00,90.3935
2021-05-04 23:00:00,89.9697
2021-05-05 23:00:00,89.8857
2021-05-06 23:00:00,89.5745
2021-05-07 23:00:00,89.7731
2021-05-10 23:00:00,90.191
2021-05-11 23:00:00,90.0575
2021-05-12 23:00:00,90.1263
2021-05-13 23:00:00,89.4663
2021-05-14 23:00:00,89.802
2021-05-17 23:00:00,89.7191
2021-05-18 23:00:00,90.0758
2021-05-19 23:00:00,89.8849
2021-05-20 23:00:00,89.8834
2021-05-21 23:00:00,89.6592
2021-05-24 23:00:00,89.7637
2021-05-25 23:00:00,90.0057
2021-05-26 23:00:00,89.6252
2021-05-27 23:00:00,89.6033
2021-05-28 23:00:00,89.2019
2021-05-31 23:00:00,89.7937
2021-06-01 23:00:00,89.8043
2021-06-02 23:00:00,89.3448
2021-06-03 23:00:00,88.8409
2021-06-04 23:00:00,88.5465
2021-06-07 23:00:00,88.7818
2021-06-08 23:00:00,88.0149
2021-06-09 23:00:00,88.0637
2021-06-10 23:00:00,87.3679
2021-06-11 23:00:00,87.319
2021-06-14 23:00:00,87.4029
2021-06-15 23:00:00,87.5485
2021-06-16 23:00:00,87.1518
2021-06-17 23:00:00,86.1638
2021-06-18 23:00:00,86.3666
2021-06-21 23:00:00,87.14
2021-06-22 23:00:00,87.0466
2021-06-23 23:00:00,86.6146
2021-06-24 23:00:00,86.2965
2021-06-25 23:00:00,86.2346
2021-06-28 23:00:00,86.0298
2021-06-29 23:00:00,86.5973
2021-06-30 23:00:00,86.7335
2021-07-01 23:00:00,86.9855
2021-07-02 23:00:00,86.915
2021-07-05 23:00:00,87.1664
2021-07-06 23:00:00,88.0102
2021-07-07 23:00:00,88.1066
2021-07-08 23:00:00,88.5467
2021-07-09 23:00:00,88.3086
2021-07-12 23:00:00,88.2843
2021-07-13 23:00:00,87.5374
2021-07-14 23:00:00,87.6876
2021-07-15 23:00:00,87.8349
2021-07-16 23:00:00,87.4623
2021-07-19 23:00:00,88.0872
2021-07-20 23:00:00,87.6153
2021-07-21 23:00:00,87.2597
2021-07-22 23:00:00,86.7343
2021-07-23 23:00:00,86.8162
2021-07-26 23:00:00,86.9434
2021-07-27 23:00:00,87.1577
2021-07-28 23:00:00,87.0347
2021-07-29 23:00:00,86.9392
2021-07-30 23:00:00,86.839
2021-08-02 23:00:00,86.735
2021-08-03 23:00:00,86.548
2021-08-04 23:00:00,86.6264
2021-08-05 23:00:00,86.4963
2021-08-06 23:00:00,86.4055
2021-08-09 23:00:00,86.4757
2021-08-10 23:00:00,86.6387
2021-08-11 23:00:00,86.1611
2021-08-12 23:00:00,86.3683
2021-08-13 23:00:00,86.3605
2021-08-16 23:00:00,86.2512
2021-08-17 23:00:00,86.161
2021-08-18 23:00:00,86.4511
2021-08-19 23:00:00,86.6348
2021-08-20 23:00:00,86.8943
2021-08-23 23:00:00,87.0638
2021-08-24 23:00:00,86.701
2021-08-25 23:00:00,87.0454
2021-08-26 23:00:00,87.2592
2021-08-27 23:00:00,86.7675
2021-08-30 23:00:00,86.6898
2021-08-31 23:00:00,86.4688
2021-09-01 23:00:00,86.3724
2021-09-02 23:00:00,86.556
2021-09-03 23:00:00,86.3797
2021-09-06 23:00:00,86.6769
2021-09-07 23:00:00,86.7647
2021-09-08 23:00:00,86.4672
2021-09-09 23:00:00,86.2969
2021-09-10 23:00:00,86.4478
2021-09-13 23:00:00,85.8053
2021-09-14 23:00:00,86.1053
2021-09-15 23:00:00,85.4098
2021-09-16 23:00:00,85.3801
2021-09-17 23:00:00,85.4925
2021-09-20 23:00:00,86.12
2021-09-21 23:00:00,85.6725
2021-09-22 23:00:00,85.4338
2021-09-23 23:00:00,85.495
2021-09-24 23:00:00,85.2238
2021-09-27 23:00:00,84.8403
2021-09-28 23:00:00,85.066
2021-09-29 23:00:00,84.5102
2021-09-30 23:00:00,84.1567
2021-10-01 23:00:00,84.316
2021-10-04 23:00:00,84.2427
2021-10-05 23:00:00,83.9505
2021-10-06 23:00:00,83.6837
2021-10-07 23:00:00,82.8689
2021-10-08 23:00:00,83.1557
2021-10-11 23:00:00,83.0329
2021-10-12 23:00:00,82.8507
2021-10-13 23:00:00,83.4848
2021-10-14 23:00:00,82.7755
2021-10-15 23:00:00,82.4022
2021-10-18 23:00:00,82.71
2021-10-19 23:00:00,82.4669
2021-10-20 23:00:00,82.5098
2021-10-21 23:00:00,82.6701
2021-10-22 23:00:00,81.8745
2021-10-25 23:00:00,80.9607
2021-10-26 23:00:00,80.6514
2021-10-27 23:00:00,81.9474
2021-10-28 23:00:00,82.039
2021-10-29 23:00:00,81.945
2021-11-01 23:00:00,83.0459
2021-11-02 23:00:00,82.8865
2021-11-03 23:00:00,83.298
2021-11-05 23:00:00,82.4525
2021-11-08 23:00:00,82.5257
2021-11-09 23:00:00,81.9787
2021-11-10 23:00:00,81.7443
2021-11-11 23:00:00,81.9579
2021-11-12 23:00:00,83.3385
2021-11-15 23:00:00,82.4338
2021-11-16 23:00:00,82.7679
2021-11-17 23:00:00,82.0327
2021-11-18 23:00:00,82.9299
2021-11-19 23:00:00,82.9797
2021-11-22 23:00:00,83.9376
2021-11-23 23:00:00,83.595
2021-11-24 23:00:00,83.9653
2021-11-25 23:00:00,83.7296
2021-11-26 23:00:00,85.5749
2021-11-29 23:00:00,84.1729
2021-11-30 23:00:00,83.9359
2021-12-01 23:00:00,83.8388
2021-12-02 23:00:00,83.3139
2021-12-03 23:00:00,83.4313
2021-12-06 23:00:00,83.9039
2021-12-07 23:00:00,83.2349
2021-12-08 23:00:00,83.4225
2021-12-09 23:00:00,83.27
2021-12-10 23:00:00,82.8972
2021-12-13 23:00:00,82.9649
2021-12-14 23:00:00,83.0925
2021-12-15 23:00:00,83.2038
2021-12-16 23:00:00,83.5975
2021-12-17 23:00:00,83.3788
2021-12-20 23:00:00,83.6013
2021-12-21 23:00:00,83.407
2021-12-22 23:00:00,83.5803
2021-12-23 23:00:00,83.0823
2021-12-24 23:00:00,83.3047
2021-12-27 23:00:00,83.2136
2021-12-28 23:00:00,83.3751
2021-12-29 23:00:00,83.921
2021-12-30 23:00:00,84.5064
2022-01-03 23:00:00,84.2381
2022-01-04 23:00:00,84.9957
2022-01-05 23:00:00,86.8424
2022-01-06 23:00:00,86.1502
2022-01-07 23:00:00,86.0502
2022-01-10 23:00:00,84.989
2022-01-11 23:00:00,84.6523
2022-01-12 23:00:00,85.5229
2022-01-13 23:00:00,87.3555
2022-01-14 23:00:00,86.9831
2022-01-17 23:00:00,86.8175
2022-01-18 23:00:00,87.1456
2022-01-19 23:00:00,86.4939
2022-01-20 23:00:00,86.7125
2022-01-21 23:00:00,87.8191
2022-01-24 23:00:00,89.2024
2022-01-25 23:00:00,88.8501
2022-01-26 23:00:00,89.3734
2022-01-27 23:00:00,86.9147
2022-01-28 23:00:00,86.7086
2022-01-31 23:00:00,86.9843
2022-02-01 23:00:00,86.5229
2022-02-02 23:00:00,85.9747
2022-02-03 23:00:00,87.3489
2022-02-04 23:00:00,86.9251
2022-02-07 23:00:00,86.335
2022-02-08 23:00:00,85.6633
2022-02-09 23:00:00,85.3651
2022-02-10 23:00:00,85.8475
2022-02-11 23:00:00,87.5737
2022-02-14 23:00:00,86.8016
2022-02-15 23:00:00,85.6177
2022-02-16 23:00:00,85.725
2022-02-17 23:00:00,86.6613
2022-02-18 23:00:00,87.575
2022-02-21 23:00:00,90.1751
2022-02-22 23:00:00,89.35
2022-02-23 23:00:00,91.7734
2022-02-24 23:00:00,95.5161
2022-02-25 23:00:00,93.0136
2022-02-28 23:00:00,106.105
2022-03-01 23:00:00,112.2213
2022-03-02 23:00:00,115.41
2022-03-03 23:00:00,117.7125
2022-03-04 23:00:00,116.95
2022-03-09 23:00:00,125.0488
2022-03-10 23:00:00,125.75
2022-03-11 23:00:00,121.5138
2022-03-14 23:00:00,120.3288
2022-03-15 23:00:00,118.75
2022-03-16 23:00:00,117.7953
2022-03-17 23:00:00,112.9975
2022-03-18 23:00:00,115.1363
2022-03-21 23:00:00,114.7588
2022-03-22 23:00:00,114.275
2022-03-23 23:00:00,108.02
2022-03-24 23:00:00,106.665
2022-03-25 23:00:00,105.2299
2022-03-28 23:00:00,97.2985
2022-03-29 23:00:00,94.4425
2022-03-30 23:00:00,94.175
2022-03-31 23:00:00,92.3825
2022-04-01 23:00:00,92.9545
2022-04-04 23:00:00,92.6313
2022-04-05 23:00:00,91.5624
2022-04-06 23:00:00,86.9988
2022-04-07 23:00:00,81.525
2022-04-08 23:00:00,82.3897
2022-04-11 23:00:00,86.135
2022-04-12 23:00:00,86.2067
2022-04-13 23:00:00,86.3932
2022-04-14 23:00:00,86.8738
2022-04-15 23:00:00,85.3438
2022-04-18 23:00:00,83.675
2022-04-19 23:00:00,84.0008
2022-04-20 23:00:00,81.8747
2022-04-21 23:00:00,80.3489
2022-04-22 23:00:00,79.9634
2022-04-25 23:00:00,77.1985
2022-04-26 23:00:00,76.815
2022-04-27 23:00:00,75.3596
2022-04-28 23:00:00,75.3663
2022-04-29 23:00:00,74.776
2022-05-04 23:00:00,70.2378
2022-05-05 23:00:00,70.1349
2022-05-06 23:00:00,73.375
2022-05-11 23:00:00,70.4988
2022-05-12 23:00:00,65.4964
2022-05-13 23:00:00,67.155
2022-05-16 23:00:00,65.775
2022-05-17 23:00:00,67.02
2022-05-18 23:00:00,66.6958
2022-05-19 23:00:00,64.4013
2022-05-20 23:00:00,62.7113
2022-05-23 23:00:00,60.0762
2022-05-24 23:00:00,58.5349
2022-05-25 23:00:00,60.6025
2022-05-26 23:00:00,68.0013
2022-05-27 23:00:00,69.5122
2022-05-30 23:00:00,64.3013
2022-05-31 23:00:00,62.26
2022-06-01 23:00:00,64.3657
2022-06-02 23:00:00,65.5578
2022-06-03 23:00:00,64.6746
2022-06-06 23:00:00,65.0575
2022-06-07 23:00:00,65.5813
2022-06-08 23:00:00,63.5999
2022-06-09 23:00:00,63.3504
2022-06-10 23:00:00,60.151
2022-06-14 23:00:00,59.075
2022-06-15 23:00:00,59.6238
2022-06-16 23:00:00,58.9737
2022-06-17 23:00:00,58.9547
2022-06-20 23:00:00,58.8475
2022-06-21 23:00:00,56.36
2022-06-22 23:00:00,56.3838
2022-06-23 23:00:00,56.2504
2022-06-24 23:00:00,56.1074
2022-06-27 23:00:00,56.2685
2022-06-28 23:00:00,54.6753
2022-06-29 23:00:00,55.9732
2022-06-30 23:00:00,53.8438
2022-07-01 23:00:00,56.6295
2022-07-04 23:00:00,57.7796
2022-07-05 23:00:00,63.3216
2022-07-06 23:00:00,64.8383
2022-07-07 23:00:00,63.5143
2022-07-08 23:00:00,62.2749
2022-07-11 23:00:00,59.2247
2022-07-12 23:00:00,59.5851
2022-07-13 23:00:00,59.0742
2022-07-14 23:00:00,58.7451
2022-07-15 23:00:00,57.9714
2022-07-18 23:00:00,57.223
2022-07-19 23:00:00,56.5907
2022-07-20 23:00:00,56.332
2022-07-21 23:00:00,57.237
2022-07-22 23:00:00,58.384
2022-07-25 23:00:00,59.1932
2022-07-26 23:00:00,61.67
2022-07-27 23:00:00,60.7899
2022-07-28 23:00:00,61.8221
2022-07-29 23:00:00,62.3563
2022-08-01 23:00:00,61.8043
2022-08-02 23:00:00,61.3015
2022-08-03 23:00:00,61.1016
2022-08-04 23:00:00,61.4774
2022-08-05 23:00:00,61.5353
2022-08-08 23:00:00,62.2398
2022-08-09 23:00:00,61.5161
2022-08-10 23:00:00,62.7753
2022-08-11 23:00:00,62.681
2022-08-12 23:00:00,62.425
2022-08-15 23:00:00,62.3884
2022-08-16 23:00:00,62.1063
2022-08-17 23:00:00,61.6354
2022-08-18 23:00:00,60.1645
2022-08-19 23:00:00,59.5775
2022-08-22 23:00:00,59.5
2022-08-23 23:00:00,59.575
2022-08-24 23:00:00,59.5396
2022-08-25 23:00:00,59.8969
2022-08-26 23:00:00,60.5887
2022-08-29 23:00:00,60.4082
2022-08-30 23:00:00,60.0479
2022-08-31 23:00:00,60.4355
2022-09-01 23:00:00,59.8908
2022-09-02 23:00:00,60.792
2022-09-05 23:00:00,60.205
2022-09-06 23:00:00,60.3913
2022-09-07 23:00:00,60.4598
2022-09-08 23:00:00,60.4185
2022-09-09 23:00:00,60.9256
2022-09-12 23:00:00,60.8676
2022-09-13 23:00:00,60.0706
2022-09-14 23:00:00,60.0046
2022-09-15 23:00:00,59.8715
2022-09-16 23:00:00,59.9214
2022-09-19 23:00:00,60.2549
2022-09-20 23:00:00,60.5797
2022-09-21 23:00:00,60.1706
2022-09-22 23:00:00,57.5974
2022-09-23 23:00:00,56.315
2022-09-26 23:00:00,56.245
2022-09-27 23:00:00,56.1464
2022-09-28 23:00:00,55.6141
2022-09-29 23:00:00,55.5029
2022-09-30 23:00:00,56.6501
2022-10-03 23:00:00,53.5512
2022-10-04 23:00:00,56.445
2022-10-05 23:00:00,58.4251
2022-10-06 23:00:00,59.0722
2022-10-07 23:00:00,60.15
2022-10-10 23:00:00,61.4191
2022-10-11 23:00:00,62.431
2022-10-12 23:00:00,62.73
2022-10-13 23:00:00,62.844
2022-10-14 23:00:00,60.8415
2022-10-17 23:00:00,60.79
2022-10-18 23:00:00,60.7488
2022-10-19 23:00:00,60.3657
2022-10-20 23:00:00,60.575
2022-10-21 23:00:00,60.19
2022-10-24 23:00:00,60.5663
2022-10-25 23:00:00,61.3824
2022-10-26 23:00:00,61.8757
2022-10-27 23:00:00,61.6603
2022-10-28 23:00:00,61.0301
2022-10-31 23:00:00,60.8607
2022-11-01 23:00:00,60.7938
2022-11-02 23:00:00,61.0149
2022-11-03 23:00:00,60.905
2022-11-07 23:00:00,60.9149
2022-11-08 23:00:00,60.925
2022-11-09 23:00:00,61.3552
2022-11-10 23:00:00,61.2797
2022-11-11 23:00:00,62.1788
2022-11-14 23:00:00,62.2609
2022-11-15 23:00:00,62.7612
2022-11-16 23:00:00,62.8763
2022-11-17 23:00:00,62.454
2022-11-18 23:00:00,62.5198
2022-11-21 23:00:00,62.2543
2022-11-22 23:00:00,62.2812
2022-11-23 23:00:00,62.7258
2022-11-24 23:00:00,63.1449
2022-11-25 23:00:00,62.862
2022-11-28 23:00:00,63.9163
2022-11-29 23:00:00,63.1749
2022-11-30 23:00:00,63.0788
2022-12-01 23:00:00,64.4651
2022-12-02 23:00:00,64.9971
2022-12-05 23:00:00,65.9014
2022-12-06 23:00:00,66.0741
2022-12-07 23:00:00,66.0627
2022-12-08 23:00:00,66.1676
2022-12-09 23:00:00,65.5488
2022-12-12 23:00:00,66.3055
2022-12-13 23:00:00,67.0793
2022-12-14 23:00:00,68.3219
2022-12-15 23:00:00,69.0361
2022-12-16 23:00:00,69.105
2022-12-19 23:00:00,72.2
2022-12-20 23:00:00,73.4151
2022-12-21 23:00:00,75.6259
2022-12-22 23:00:00,73.45
2022-12-23 23:00:00,74.7733
2022-12-26 23:00:00,73.55
2022-12-27 23:00:00,74.8508
2022-12-28 23:00:00,76.575
2022-12-29 23:00:00,75.9001
2022-12-30 23:00:00,74.3277
2023-01-03 23:00:00,74.9756
2023-01-04 23:00:00,76.2123
2023-01-05 23:00:00,76.2888
2023-01-06 23:00:00,76.2063
2023-01-09 23:00:00,74.4895
2023-01-10 23:00:00,74.8529
2023-01-11 23:00:00,73.975
2023-01-12 23:00:00,73.23
2023-01-13 23:00:00,74.1488
2023-01-16 23:00:00,73.9258
2023-01-17 23:00:00,74.899
2023-01-18 23:00:00,74.2242
2023-01-19 23:00:00,74.5012
2023-01-20 23:00:00,74.5988
2023-01-23 23:00:00,74.6661
2023-01-24 23:00:00,75.155
2023-01-25 23:00:00,75.4094
2023-01-26 23:00:00,75.5162
2023-01-27 23:00:00,75.3471
2023-01-30 23:00:00,76.5235
2023-01-31 23:00:00,75.879
2023-02-01 23:00:00,76.3489
2023-02-02 23:00:00,77.0667
2023-02-03 23:00:00,76.931
2023-02-06 23:00:00,76.2461
2023-02-07 23:00:00,76.0559
2023-02-08 23:00:00,77.4611
2023-02-09 23:00:00,78.6598
2023-02-10 23:00:00,78.476
2023-02-13 23:00:00,79.1408
2023-02-14 23:00:00,79.1761
2023-02-15 23:00:00,79.7954
2023-02-16 23:00:00,79.8047
2023-02-17 23:00:00,79.295
2023-02-20 23:00:00,79.555
2023-02-21 23:00:00,80.1444
2023-02-22 23:00:00,79.3962
2023-02-24 23:00:00,80.3788
2023-02-27 23:00:00,79.2
2023-02-28 23:00:00,79.4102
2023-03-01 23:00:00,80.13
2023-03-02 23:00:00,79.6904
2023-03-03 23:00:00,80.2368
2023-03-06 23:00:00,80.3858
2023-03-07 23:00:00,80.5741
2023-03-09 23:00:00,80.225
2023-03-10 23:00:00,81.053
2023-03-13 23:00:00,80.3912
2023-03-14 23:00:00,80.6762
2023-03-15 23:00:00,80.2833
2023-03-16 23:00:00,81.2104
2023-03-17 23:00:00,81.9012
2023-03-20 23:00:00,82.6223
2023-03-21 23:00:00,82.6353
2023-03-22 23:00:00,83.1155
2023-03-23 23:00:00,82.6551
2023-03-24 23:00:00,82.846
2023-03-27 23:00:00,82.5889
2023-03-28 23:00:00,83.175
2023-03-29 23:00:00,83.7313
2023-03-30 23:00:00,84.3496
2023-03-31 23:00:00,84.1704
2023-04-03 23:00:00,85.8407
2023-04-04 23:00:00,86.9184
2023-04-05 23:00:00,87.34
2023-04-06 23:00:00,89.225
2023-04-07 23:00:00,89.0064
2023-04-10 23:00:00,88.9005
2023-04-11 23:00:00,89.5716
2023-04-12 23:00:00,89.8847
2023-04-13 23:00:00,90.395
2023-04-14 23:00:00,90.0817
2023-04-17 23:00:00,89.2055
2023-04-18 23:00:00,89.445
2023-04-19 23:00:00,89.6061
2023-04-20 23:00:00,89.5657
2023-04-21 23:00:00,89.6813
2023-04-24 23:00:00,89.7048
2023-04-25 23:00:00,89.625
2023-04-26 23:00:00,90.3502
2023-04-27 23:00:00,89.76
2023-04-28 23:00:00,88.7825
2023-05-02 23:00:00,87.82
2023-05-03 23:00:00,87.7453
2023-05-04 23:00:00,86.1495
2023-05-05 23:00:00,85.4575
2023-05-08 23:00:00,86.4113
2023-05-10 23:00:00,83.7488
2023-05-11 23:00:00,84.0162
2023-05-12 23:00:00,84.7538
2023-05-15 23:00:00,86.3813
2023-05-16 23:00:00,87.54
2023-05-17 23:00:00,86.6713
2023-05-18 23:00:00,86.7651
2023-05-19 23:00:00,86.5536
2023-05-22 23:00:00,86.631
2023-05-23 23:00:00,86.5613
2023-05-24 23:00:00,86.32
2023-05-25 23:00:00,86.2085
2023-05-26 23:00:00,85.7339
2023-05-29 23:00:00,86.7253
2023-05-30 23:00:00,87.0495
2023-05-31 23:00:00,86.5807
2023-06-01 23:00:00,86.825
2023-06-02 23:00:00,87.4762
2023-06-05 23:00:00,86.7813
2023-06-06 23:00:00,87.195
2023-06-07 23:00:00,87.7
2023-06-08 23:00:00,88.9975
2023-06-09 23:00:00,88.9537
2023-06-13 23:00:00,90.8675
2023-06-14 23:00:00,91.3055
2023-06-15 23:00:00,91.4935
2023-06-16 23:00:00,91.8166
2023-06-19 23:00:00,91.8586
2023-06-20 23:00:00,92.3555
2023-06-21 23:00:00,91.875
2023-06-22 23:00:00,92.245
2023-06-23 23:00:00,92.2212
2023-06-26 23:00:00,92.8052
2023-06-27 23:00:00,93.1186
2023-06-28 23:00:00,94.3039
2023-06-29 23:00:00,95.3338
2023-06-30 23:00:00,97.6825
2023-07-03 23:00:00,96.621
2023-07-04 23:00:00,97.2828
2023-07-05 23:00:00,99.0989
2023-07-06 23:00:00,99.7874
2023-07-07 23:00:00,100.1741
2023-07-10 23:00:00,99.4513
2023-07-11 23:00:00,99.3266
2023-07-12 23:00:00,100.98
2023-07-13 23:00:00,100.985
2023-07-14 23:00:00,101.2473
2023-07-17 23:00:00,102.2848
2023-07-18 23:00:00,102.0217
2023-07-19 23:00:00,102.4513
2023-07-20 23:00:00,100.8409
2023-07-21 23:00:00,101.1011
2023-07-24 23:00:00,100.3002
2023-07-25 23:00:00,99.875
2023-07-26 23:00:00,99.8437
2023-07-27 23:00:00,99.8911
2023-07-28 23:00:00,100.8638
2023-07-31 23:00:00,101.0113
2023-08-01 23:00:00,101.0063
2023-08-02 23:00:00,102.9503
2023-08-03 23:00:00,103.5612
2023-08-04 23:00:00,105.57
2023-08-07 23:00:00,105.1982
2023-08-08 23:00:00,106.44
2023-08-09 23:00:00,106.7202
2023-08-10 23:00:00,107.575
2023-08-11 23:00:00,108.8662
2023-08-14 23:00:00,106.8362
2023-08-15 23:00:00,106.273
2023-08-16 23:00:00,103.3248
2023-08-17 23:00:00,101.78
2023-08-18 23:00:00,101.77
2023-08-21 23:00:00,101.8064
2023-08-22 23:00:00,102.4605
2023-08-23 23:00:00,102.5558
2023-08-24 23:00:00,102.5262
2023-08-25 23:00:00,103.0249
2023-08-28 23:00:00,103.144
2023-08-29 23:00:00,103.4425
2023-08-30 23:00:00,105.1974
2023-08-31 23:00:00,104.09
2023-09-01 23:00:00,104.205
2023-09-04 23:00:00,104.5953
2023-09-05 23:00:00,104.945
2023-09-06 23:00:00,105.3907
2023-09-07 23:00:00,105.3217
2023-09-08 23:00:00,104.7741
2023-09-11 23:00:00,102.2988
2023-09-12 23:00:00,101.8244
2023-09-13 23:00:00,103.2926
2023-09-14 23:00:00,103.899
2023-09-15 23:00:00,103.1122
2023-09-18 23:00:00,103.075
2023-09-19 23:00:00,103.5612
2023-09-20 23:00:00,103.2117
2023-09-21 23:00:00,102.1012
2023-09-22 23:00:00,102.4747
2023-09-25 23:00:00,101.9176
2023-09-26 23:00:00,102.0269
2023-09-27 23:00:00,101.9411
2023-09-28 23:00:00,102.2584
2023-09-29 23:00:00,103.325
2023-10-02 23:00:00,104.5367
2023-10-03 23:00:00,104.2291
2023-10-04 23:00:00,104.7702
2023-10-05 23:00:00,105.7783
2023-10-06 23:00:00,105.9655
2023-10-09 23:00:00,104.9413
2023-10-10 23:00:00,106.2998
2023-10-11 23:00:00,106.4237
2023-10-12 23:00:00,102.9723
2023-10-13 23:00:00,102.2632
2023-10-16 23:00:00,102.6696
2023-10-17 23:00:00,103.315
2023-10-18 23:00:00,102.6849
2023-10-19 23:00:00,102.715
2023-10-20 23:00:00,100.9273
2023-10-23 23:00:00,100.575
2023-10-24 23:00:00,99.0338
2023-10-25 23:00:00,98.7495
2023-10-26 23:00:00,99.5257
2023-10-27 23:00:00,99.6867
2023-10-30 23:00:00,98.7171
2023-10-31 23:00:00,98.992
2023-11-01 23:00:00,97.891
2023-11-02 23:00:00,99.1715
2023-11-03 23:00:00,98.8741
2023-11-06 23:00:00,98.9069
2023-11-07 23:00:00,98.6829
2023-11-08 23:00:00,98.47
2023-11-09 23:00:00,98.6897
2023-11-10 23:00:00,98.5754
2023-11-13 23:00:00,98.0587
2023-11-14 23:00:00,98.1724
2023-11-15 23:00:00,97.241
2023-11-16 23:00:00,97.2377
2023-11-17 23:00:00,97.8926
2023-11-20 23:00:00,96.7092
2023-11-21 23:00:00,96.191
2023-11-22 23:00:00,96.0975
2023-11-23 23:00:00,96.5785
2023-11-24 23:00:00,97.0832
2023-11-27 23:00:00,97.2294
2023-11-28 23:00:00,98.1604
2023-11-29 23:00:00,97.3555
2023-11-30 23:00:00,97.5071
2023-12-01 23:00:00,97.9894
2023-12-04 23:00:00,98.4872
2023-12-05 23:00:00,99.9909
2023-12-06 23:00:00,100.202
2023-12-07 23:00:00,99.4837
2023-12-08 23:00:00,98.895
2023-12-11 23:00:00,97.7882
2023-12-12 23:00:00,97.2075
2023-12-13 23:00:00,97.1008
2023-12-14 23:00:00,98.8033
2023-12-15 23:00:00,98.6261
2023-12-18 23:00:00,98.5499
2023-12-19 23:00:00,99.1363
2023-12-20 23:00:00,99.5852
2023-12-21 23:00:00,101.5497
2023-12-22 23:00:00,101.6811
2023-12-25 23:00:00,101.0013
2023-12-26 23:00:00,101.0759
2023-12-27 23:00:00,101.2551
2023-12-28 23:00:00,99.8225
2023-12-29 23:00:00,99.364
2024-01-03 23:00:00,100.1122
2024-01-04 23:00:00,99.9113
2024-01-05 23:00:00,99.6632
2024-01-08 23:00:00,99.9668
2024-01-09 23:00:00,98.2238
2024-01-10 23:00:00,98.0202
2024-01-11 23:00:00,97.1842
2024-01-12 23:00:00,97.0459
2024-01-15 23:00:00,96.0042
2024-01-16 23:00:00,95.7204
2024-01-17 23:00:00,96.7868
2024-01-18 23:00:00,96.7313
2024-01-19 23:00:00,96.15
2024-01-22 23:00:00,95.7821
2024-01-23 23:00:00,96.075
2024-01-24 23:00:00,96.6488
2024-01-25 23:00:00,96.5912
2024-01-26 23:00:00,97.5014
2024-01-29 23:00:00,96.2528
2024-01-30 23:00:00,97.4513
2024-01-31 23:00:00,97.6288
2024-02-01 23:00:00,97.8933
2024-02-02 23:00:00,98.2438
2024-02-05 23:00:00,97.2464
2024-02-06 23:00:00,98.0388
2024-02-07 23:00:00,97.9213
2024-02-08 23:00:00,97.9976
2024-02-09 23:00:00,98.0225
2024-02-12 23:00:00,98.2968
2024-02-13 23:00:00,97.8019
2024-02-14 23:00:00,97.8889
2024-02-15 23:00:00,99.3512
2024-02-16 23:00:00,99.2101
2024-02-19 23:00:00,99.573
2024-02-20 23:00:00,99.8711
2024-02-21 23:00:00,100.0186
2024-02-22 23:00:00,100.0667
